name;lat;lng;capital
Paris;48.8567;2.3522;primary
Marseille;43.2964;5.37;admin
Lyon;45.76;4.84;admin
Toulouse;43.6045;1.444;admin
Nice;43.7034;7.2663;minor
Nantes;47.2181;-1.5528;admin
Montpellier;43.6119;3.8772;minor
Strasbourg;48.5833;7.7458;admin
Bordeaux;44.84;-0.58;admin
Lille;50.6278;3.0583;admin
Rennes;48.1147;-1.6794;admin
Reims;49.2628;4.0347;minor
Toulon;43.1258;5.9306;minor
Saint-Etienne;45.4347;4.3903;minor
Le Havre;49.49;0.1;minor
Grenoble;45.1715;5.7224;minor
Villeurbanne;45.7667;4.8803;
Dijon;47.3167;5.0167;admin
Angers;47.4736;-0.5542;minor
Clermont-Ferrand;45.7831;3.0824;minor
Nimes;43.838;4.361;minor
Le Mans;48.0077;0.1984;minor
Aix-en-Provence;43.5263;5.4454;minor
Brest;48.39;-4.49;minor
Boulogne-Billancourt;48.8352;2.2409;minor
Tours;47.3936;0.6892;minor
Amiens;49.892;2.299;minor
Limoges;45.8353;1.2625;minor
Annecy;45.916;6.133;minor
Montreuil;48.8611;2.4436;
Saint-Denis;48.9356;2.3539;minor
Metz;49.1203;6.1778;minor
Perpignan;42.6986;2.8956;minor
Orleans;47.9025;1.909;admin
Besancon;47.24;6.02;minor
Rouen;49.4428;1.0886;admin
Argenteuil;48.95;2.25;minor
Mulhouse;47.75;7.34;minor
Nancy;48.6936;6.1846;minor
Caen;49.18;-0.37;minor
Courbevoic;48.8978;2.2531;
Roubaix;50.6901;3.1817;
Tourcoing;50.7239;3.1612;
Nanterre;48.8988;2.1969;minor
Vitry-sur-Seine;48.7875;2.3928;
Creteil;48.7911;2.4628;minor
Aubervilliers;48.9131;2.3831;
Colombes;48.9236;2.2522;
Levallois-Perret;48.895;2.2872;
Aulnay-sous-Bois;48.9386;2.4906;
Poitiers;46.58;0.34;minor
Versailles;48.8053;2.135;minor
Clichy;48.9044;2.3064;
Issy-les-Moulineaux;48.8239;2.27;
Champigny-sur-Marne;48.8172;2.5156;
Rueil-Malmaison;48.876;2.181;
Saint-Maur-des-Fosses;48.7994;2.4997;
Drancy;48.93;2.45;
La Rochelle;46.16;-1.15;minor
Pau;43.3;-0.37;minor
Cannes;43.5513;7.0128;
Montrouge;48.8172;2.3219;
Antibes;43.5808;7.1239;
Vincennes;48.8478;2.4392;
Calais;50.9481;1.8564;minor
Ivry-sur-Seine;48.8078;2.3747;
Neuilly-sur-Seine;48.8881;2.2686;
Noisy-le-Grand;48.8478;2.5528;
Ajaccio;41.9267;8.7369;admin
Cergy;49.0361;2.0631;minor
Pantin;48.8966;2.4017;
Venissieux;45.6978;4.8867;
Antony;48.7539;2.2975;minor
Maisons-Alfort;48.8058;2.4378;
Epinay-sur-Seine;48.9553;2.3092;
Troyes;48.2997;4.0792;minor
Sarcelles;48.9956;2.3808;minor
La Seyne-sur-Mer;43.1;5.883;
Villejuif;48.7919;2.3636;
Cherbourg;49.6333;-1.6;minor
Le Blanc-Mesnil;48.9387;2.4614;
Bondy;48.9022;2.4828;
Suresnes;48.87;2.22;
Bellevue;48.871;2.385;
Saint-Ouen;48.9123;2.3342;
Bobigny;48.9106;2.4397;minor
Chambery;45.57;5.9118;minor
Fontenay-sous-Bois;48.8517;2.4772;
Puteaux;48.885;2.2389;
Lorient;47.75;-3.36;minor
Alfortville;48.805;2.4239;
Evry;48.6239;2.4294;minor
Meaux;48.9603;2.8883;minor
Sartrouville;48.9372;2.1644;
Clamart;48.8014;2.2628;
Sevran;48.9333;2.5333;
Chelles;48.8833;2.6;
Saint-Quentin;49.8486;3.2864;minor
Massy;48.7309;2.2713;
Corbeil-Essonnes;48.6139;2.482;
Vaulx-en-Velin;45.7768;4.9186;
Cagnes-sur-Mer;43.6644;7.1489;
Choisy-le-Roi;48.763;2.409;
Bayonne;43.49;-1.48;minor
Rosny-sous-Bois;48.8667;2.4833;
Noisy-le-Sec;48.8894;2.4503;
Gennevilliers;48.9333;2.3;
La Garenne-Colombes;48.9056;2.2445;
Livry-Gargan;48.9192;2.5361;
Garges-les-Gonesse;48.9728;2.4008;
La Courneuve;48.9322;2.3967;
Bastia;42.7008;9.4503;
Bagneux;48.7983;2.3137;
Meudon;48.8123;2.2382;
Bagnolet;48.8692;2.4181;
Belfort;47.64;6.85;minor
Chatillon;48.8;2.29;
Talence;44.8;-0.584;
Mantes-la-Jolie;48.9908;1.7172;minor
Malakoff;48.8169;2.2944;
Chalon-sur-Saone;46.7806;4.8528;minor
Charenton-le-Pont;48.8265;2.405;
Caluire-et-Cuire;45.7953;4.8472;
Le Cannet;43.5769;7.0194;
Bois-Colombes;48.9175;2.2683;
Valenciennes;50.3581;3.5233;minor
Bron;45.7394;4.9139;
Vanves;48.8208;2.2897;
Reze;47.1917;-1.5694;
Melun;48.5406;2.66;minor
Stains;48.95;2.3833;
Tarbes;43.23;0.07;minor
Gagny;48.8833;2.5333;
Boulogne-sur-Mer;50.7264;1.6147;minor
Arras;50.292;2.78;minor
Nogent-sur-Marne;48.8375;2.4833;minor
Wattrelos;50.7;3.217;
Annemasse;46.1958;6.2364;
Le Kremlin-Bicetre;48.81;2.3581;
Franconville;48.9889;2.2314;
Saint-Martin-d'Heres;45.1672;5.7653;
Le Perreux-Sur-Marne;48.8422;2.5036;
Le Pre-Saint-Gervais;48.885;2.4039;
Poissy;48.9294;2.0456;
Cachan;48.7919;2.3319;
Savigny-sur-Orge;48.6797;2.3457;
Douai;50.3714;3.08;minor
Echirolles;45.1436;5.7183;
Villepinte;48.955;2.541;
Marcq-en-Baroeul;50.6711;3.0972;
Neuilly-sur-Marne;48.8537;2.549;
Chartres;48.456;1.484;minor
L'Hay-les-Roses;48.78;2.3374;minor
Houilles;48.9261;2.1892;
Villefranche-sur-Saone;45.9833;4.7167;minor
Pierrefitte-sur-Seine;48.9656;2.3614;
Sainte-Genevieve-des-Bois;48.6369;2.3403;
Athis-Mons;48.7074;2.3889;
Les Lilas;48.88;2.42;
Chatenay-Malabry;48.7653;2.2781;
Creil;49.2583;2.4833;
Bezons;48.9261;2.2178;
Conflans-Sainte-Honorine;48.9992;2.0983;
Villeneuve-Saint-Georges;48.7325;2.4497;
Romainville;48.884;2.435;
Le Plessis-Robinson;48.7811;2.2633;
Palaiseau;48.7145;2.2457;minor
Schiltigheim;48.6078;7.75;
Thonon-les-Bains;46.3627;6.475;minor
Villemomble;48.8833;2.5;
Saint-Mande;48.8422;2.4186;
Pontoise;49.0516;2.1017;
Fresnes;48.755;2.3221;
Clichy-sous-Bois;48.9102;2.5532;
Chatou;48.8897;2.1573;
Roanne;46.0367;4.0689;minor
Ermont;48.9922;2.2603;
Les Mureaux;48.9875;1.9172;
Viry-Chatillon;48.6713;2.375;
Agen;44.2049;0.6212;minor
Fontenay-aux-Roses;48.7893;2.2888;
Villiers-sur-Marne;48.8275;2.5447;
Thiais;48.765;2.3923;
Montigny-le-Bretonneux;48.7711;2.0333;
Gentilly;48.8133;2.3444;
Trappes;48.7775;2.0025;
Vigneux-sur-Seine;48.7001;2.417;
Lens;50.4322;2.8333;minor
Le Chesnay;48.8203;2.1303;
Grigny;48.6562;2.3849;
Saint-Cloud;48.84;2.22;
Goussainville;49.0325;2.4747;
Begles;44.8086;-0.5478;
Vandoeuvre-les-Nancy;48.6567;6.1683;
Ris-Orangis;48.6537;2.4161;
Perigueux;45.1929;0.7217;minor
Montfermeil;48.9;2.5667;
Sotteville-les-Rouen;49.4092;1.09;
Aix-les-Bains;45.6885;5.9153;
Rillieux-la-Pape;45.8214;4.8983;
Lievin;50.4228;2.7786;
Menton;43.775;7.5;
Oullins;45.715;4.8083;
Savigny-le-Temple;48.5841;2.5832;
Bourg-la-Reine;48.7796;2.3151;
Yerres;48.7171;2.4881;
Villiers-le-Bel;49.0094;2.3911;
Les Pavillons-sous-Bois;48.9;2.5;
Sannois;48.9722;2.2578;
Saint-Laurent-du-Var;43.668;7.188;
Lambersart;50.65;3.025;
Limeil-Brevannes;48.7464;2.4883;
Guyancourt;48.7714;2.0739;
Villeneuve-la-Garenne;48.9372;2.3278;
Arcueil;48.8075;2.3361;
Eaubonne;48.9922;2.2806;
Soissons;49.3817;3.3236;minor
Lomme;50.6455;2.9876;
Dieppe;49.92;1.08;minor
Cenon;44.8578;-0.5317;
Saint-Sebastien-sur-Loire;47.2081;-1.5014;
Villeparisis;48.9503;2.6025;
Sucy-en-Brie;48.7697;2.5228;
La Madeleine;50.6558;3.071;
Saint-Gratien;48.9719;2.2828;
Sevres;48.8239;2.2117;
Vallauris;43.5805;7.0538;
Taverny;49.0264;2.2275;
Vichy;46.1278;3.4267;minor
Brunoy;48.6979;2.5044;
Champs-Sur-Marne;48.8529;2.6027;
Armentieres;50.6881;2.8811;
Mons-en-Baroeul;50.6369;3.1103;
Elancourt;48.7847;1.9589;
Le Bouscat;44.8651;-0.5996;
Cormeilles-en-Parisis;48.9739;2.2014;
Orly;48.7439;2.3928;
Le Grand-Quevilly;49.4072;1.0531;
Alencon;48.4306;0.0931;minor
Joinville-le-Pont;48.8214;2.4728;
Deuil-la-Barre;48.9767;2.3272;
Biarritz;43.48;-1.56;
Bethune;50.5303;2.6408;minor
Le Petit-Quevilly;49.4311;1.0539;
Maisons-Laffitte;48.9469;2.1456;
Neuilly-Plaisance;48.8619;2.5064;
Montigny-les-Cormeilles;48.9944;2.1958;
Saint-Ouen-l'Aumone;49.0447;2.1111;
Rodez;44.3506;2.575;minor
Fontaine;45.1939;5.6856;
Chaville;48.8086;2.1886;
Eysines;44.8853;-0.65;
Lormont;44.8792;-0.5217;
Loos;50.6128;3.0144;
Torcy;48.8502;2.6508;minor
Montgeron;48.7039;2.4605;
Croix;50.6781;3.1508;
Montmorency;48.9906;2.3228;
Velizy-Villacoublay;48.7834;2.1834;
Longjumeau;48.6943;2.2958;
Sceaux;48.7786;2.2906;
Sainte-Foy-les-Lyon;45.73;4.8;
Tassin-la-Demi-Lune;45.764;4.78;
Juvisy-sur-Orge;48.6883;2.3775;
Morsang-sur-Orge;48.6618;2.3461;
Montigny-les-Metz;49.1006;6.1539;
Le Mee-sur-Seine;48.5333;2.6289;
Herouville-Saint-Clair;49.2044;-0.3253;
Chevilly-Larue;48.7664;2.3533;
Le Plessis-Trevise;48.8111;2.5717;
Castelnau-le-Lez;43.6369;3.9019;
Saint-Pol-sur-Mer;51.0314;2.3439;
Garches;48.8456;2.1869;
La Celle-Saint-Cloud;48.8411;2.1344;
Saint-Michel-sur-Orge;48.6325;2.3028;
Dammarie-le-Lys;48.5177;2.6402;
Villeneuve-le-Roi;48.7333;2.4167;
Mantes-la-Ville;48.975;1.7117;
Saint-Maurice;48.8183;2.4347;
Hellemmes-Lille;50.6283;3.11;
Wasquehal;50.6694;3.1308;
Acheres;48.9602;2.0684;
Le Bourget;48.9344;2.4244;
Saint-Cyr-l'Ecole;48.8003;2.0625;
Nogent-sur-Oise;49.2756;2.4683;
Montereau-faut-Yonne;48.3853;2.9508;
Chilly-Mazarin;48.7025;2.3125;
Lingolsheim;48.5575;7.6831;
Coudekerque-Branche;51.0253;2.3917;
Fleury-les-Aubrais;47.9312;1.921;
Ronchin;50.6047;3.0878;
Saint-Fons;45.7086;4.8533;
Soisy-sous-Montmorency;48.9878;2.2997;
Bry-sur-Marne;48.8411;2.5222;
Eragny;49.0172;2.0914;
Cran-Gevrier;45.9036;6.1039;
Faches-Thumesnil;50.5989;3.0736;
Chamalieres;45.7736;3.0669;
Moulins;46.5647;3.3325;minor
Mont-Saint-Aignan;49.4625;1.0872;
Chennevieres-sur-Marne;48.7983;2.5339;
Viroflay;48.8;2.1722;
Le Pecq;48.8967;2.1061;
Bonneuil-sur-Marne;48.7742;2.4875;
Vaureal;49.03;2.0214;
Bischheim;48.6139;7.7519;
Le Raincy;48.8992;2.5231;minor
Ecully;45.7744;4.7775;
Les Clayes-sous-Bois;48.8206;1.9836;
Floirac;44.8364;-0.5258;
Maurepas;48.7628;1.9456;
Noisiel;48.8547;2.6289;
Lons-le-Saunier;46.6744;5.5539;minor
Montmagny;48.9736;2.3458;
Arnouville-les-Gonesse;48.9872;2.4167;
Octeville;49.6269;-1.6431;
Saint-Leu-la-Foret;49.0169;2.2464;
Jouy-le-Moutier;49.0108;2.0386;
Saint-Jean-de-la-Ruelle;47.9131;1.8733;
Le Vesinet;48.8939;2.1322;
Hendaye;43.3586;-1.7744;
Carrieres-sous-Poissy;48.9478;2.0386;
Marly-le-Roi;48.8669;2.0942;
Lognes;48.8361;2.6278;
Beausoleil;43.7419;7.4236;
Montargis;47.9969;2.7325;minor
Carrieres-sur-Seine;48.9108;2.2889;
Petite-Synthe;51.0231;2.3528;
Bois-d'Arcy;48.8014;2.0317;
Luce;48.4383;1.465;
Enghien-les-Bains;48.9697;2.3081;
Lys-les-Lannoy;50.6714;3.2144;
Valenton;48.745;2.4672;
Saint-Brice-sous-Foret;48.9986;2.3569;
Haubourdin;50.6092;2.9869;
Longwy;49.5197;5.7606;
Wattignies;50.585;3.0431;
Saint-Andre;50.6603;3.0439;
Avon;48.4089;2.725;
Rive-de-Gier;45.5294;4.6169;
Montesson;48.9086;2.1494;
Anzin;50.3714;3.5044;
Ramonville-Saint-Agne;43.5461;1.4756;
Courcouronnes;48.6239;2.4294;
Persan;49.1533;2.2711;
Mouvaux;50.7033;3.1406;
Morangis;48.7064;2.3347;
Auray;47.6678;-2.9825;
Arpajon;48.5903;2.2478;
Fleury-Merogis;48.6294;2.3614;
Montevrain;48.8753;2.7456;
Fontenay-le-Fleury;48.8136;2.0486;
Epinay-sous-Senart;48.6931;2.5158;
Vaires-sur-Marne;48.8742;2.6381;
Billere;43.3025;-0.3972;
Voisins-le-Bretonneux;48.7583;2.0508;
Saint-Max;48.7011;6.2067;
Saint-Andre-les-Vergers;48.2797;4.0539;
Hoenheim;48.6242;7.7547;
Stiring-Wendel;49.2;6.9292;
Ville-d'Avray;48.8261;2.1933;
Talant;47.3364;5.0056;
Deville-les-Rouen;49.4697;1.0497;
Dugny;48.9536;2.4164;
Villecresnes;48.7214;2.5342;
Epinay-sur-Orge;48.6739;2.3272;
Craponne;45.7453;4.7233;
Chanteloup-les-Vignes;48.9783;2.0308;
Ormesson-sur-Marne;48.7858;2.5383;
Beaumont;45.7517;3.0831;
Maromme;49.4819;1.0419;
Montigny-en-Gohelle;50.4278;2.9297;
Jarville-la-Malgrange;48.6694;6.2061;
Crosne;48.7147;2.4611;
Marquette-les-Lille;50.6758;3.0661;
Croissy-sur-Seine;48.8778;2.1422;
Gaillard;46.185;6.2075;
Caudebec-les-Elbeuf;49.2808;1.0211;
Pierre-Benite;45.7036;4.8242;
Tinqueux;49.25;3.9908;
Avranches;48.6844;-1.3569;minor
Igny;48.7422;2.2261;
Fosses;49.0981;2.5067;
Thorigny-sur-Marne;48.8788;2.7075;
Eybens;45.1486;5.7503;
Sallaumines;50.4197;2.8622;
Neuville-les-Dieppe;49.9267;1.1014;
Ferney-Voltaire;46.2558;6.1081;
Bougival;48.865;2.1394;
Bures-sur-Yvette;48.6967;2.1614;
Le Plessis-Bouchard;49.0028;2.2367;
Beauchamp;49.0139;2.19;
Le Portel;50.7067;1.5733;
Vaucresson;48.8425;2.1528;
Groslay;48.9867;2.3444;
Perenchies;50.6681;2.9725;
Aucamville;43.6686;1.4306;
Evian-les-Bains;46.4006;6.59;
Ville-la-Grand;46.2022;6.2469;
Avignon;43.95;4.8075;minor
Dunkerque;51.0383;2.3775;minor
Beziers;43.3476;3.219;minor
Merignac;44.8386;-0.6436;
Saint-Nazaire;47.2736;-2.2139;minor
Colmar;48.0817;7.3556;minor
Pessac;44.8067;-0.6311;
Valence;44.9333;4.8917;minor
Bourges;47.0844;2.3964;minor
Quimper;47.9967;-4.0964;minor
Montauban;44.0181;1.3558;minor
Niort;46.3258;-0.4606;minor
Beauvais;49.4303;2.0952;minor
Frejus;43.433;6.737;
Narbonne;43.1836;3.0042;minor
La Roche-sur-Yon;46.6705;-1.426;minor
Hyeres;43.1199;6.1316;
Vannes;47.6559;-2.7603;minor
Cholet;47.06;-0.8783;minor
Laval;48.0733;-0.7689;minor
Arles;43.6767;4.6278;minor
Albi;43.9289;2.1464;minor
Grasse;43.6667;6.9167;minor
Martigues;43.4053;5.0475;
Saint-Herblain;47.2122;-1.6497;
Saint-Priest;45.6972;4.9447;
Evreux;49.02;1.15;minor
Aubagne;43.2908;5.5708;
Saint-Malo;48.65;-2.01;minor
Charleville-Mezieres;49.7719;4.7161;minor
Brive-la-Gaillarde;45.1583;1.5321;minor
Carcassonne;43.21;2.35;minor
Blois;47.5939;1.3281;minor
Saint-Brieuc;48.5136;-2.7653;minor
Chalons-en-Champagne;48.9575;4.365;minor
Salon-de-Provence;43.6406;5.0972;
Sete;43.4053;3.6975;
Chateauroux;46.8103;1.6911;minor
Istres;43.5151;4.9895;minor
Ales;44.1281;4.0817;minor
Angouleme;45.65;0.16;minor
Bourg-en-Bresse;46.2056;5.2289;minor
Castres;43.6;2.25;minor
Colomiers;43.6139;1.3367;
Saint-Germain-en-Laye;48.8989;2.0938;minor
Thionville;49.3589;6.1692;minor
Compiegne;49.4149;2.8231;minor
Anglet;43.485;-1.5183;
Gap;44.5594;6.0786;minor
Montelimar;44.5581;4.7508;
Draguignan;43.5403;6.4667;minor
Joue-les-Tours;47.3514;0.6625;
Villenave-d'Ornon;44.7806;-0.5658;
La Ciotat;43.1769;5.6086;
Montlucon;46.3408;2.6033;minor
Saint-Raphael;43.4252;6.7684;
Meyzieu;45.7667;5.0036;
Six-Fours-les-Plages;43.1009;5.82;
Haguenau;48.82;7.79;minor
Saint-Chamond;45.4775;4.5153;
Auxerre;47.7986;3.5672;minor
Nevers;46.9933;3.1572;minor
Macon;46.3063;4.8313;minor
Cambrai;50.1767;3.2356;minor
Vitrolles;43.46;5.2486;
Marignane;43.416;5.2145;
Romans-sur-Isere;45.0464;5.0517;
Epinal;48.1744;6.4512;minor
Plaisir;48.8183;1.9472;
Chatellerault;46.8178;0.5461;minor
Saint-Medard-en-Jalles;44.8964;-0.7164;
Dreux;48.7372;1.3664;minor
Vienne;45.5242;4.8781;minor
Maubeuge;50.2775;3.9734;
Decines-Charpieu;45.7694;4.9594;
Mont-de-Marsan;43.89;-0.5;minor
Draveil;48.6852;2.408;
Agde;43.3108;3.4758;
Saint-Etienne-du-Rouvray;49.3786;1.105;
Bourgoin-Jallieu;45.5861;5.2736;
Carpentras;44.0558;5.0489;minor
Tournefeuille;43.5853;1.3442;
Orange;44.1383;4.8097;
Bretigny-sur-Orge;48.6114;2.3059;
Bussy-Saint-Georges;48.8422;2.6983;
Illkirch-Graffenstaden;48.53;7.72;
Orvault;47.2717;-1.6225;
Rambouillet;48.6444;1.8308;minor
Sens;48.1975;3.2877;minor
Miramas;43.5822;5.0019;
Montbeliard;47.51;6.8;minor
Lunel;43.6769;4.1353;
Gonesse;48.9875;2.4494;
Gradignan;44.7725;-0.6156;
Bergerac;44.85;0.48;minor
Henin-Beaumont;50.4217;2.9508;
La Garde;43.1256;6.0108;
Blagnac;43.6364;1.3906;
Saumur;47.26;-0.0769;minor
Cavaillon;43.8375;5.0381;
Aurillac;44.9261;2.4406;minor
La Teste-de-Buch;44.62;-1.1457;
Vertou;47.1689;-1.4697;
Etampes;48.4343;2.1615;minor
Vierzon;47.2225;2.0694;minor
Saintes;45.7464;-0.6333;minor
Libourne;44.92;-0.24;minor
La Valette-du-Var;43.1383;5.9831;
Laon;49.5639;3.6244;minor
Muret;43.4611;1.3267;minor
Rochefort;45.9421;-0.9588;minor
Roissy-en-Brie;48.7906;2.6519;
Vernon;49.09;1.49;
Dole;47.0931;5.4906;minor
Lanester;47.7647;-3.3422;
Saint-Louis;47.59;7.57;
Saint-Dizier;48.6383;4.9497;minor
Abbeville;50.1058;1.8358;minor
Grande-Synthe;51.0139;2.3028;
Frontignan;43.4483;3.7561;
Epernay;49.0403;3.96;minor
Olivet;47.8639;1.9006;
Combs-la-Ville;48.67;2.56;
Gif-sur-Yvette;48.7018;2.1339;
Oyonnax;46.2561;5.6556;
Forbach;49.19;6.9;minor
Manosque;43.8342;5.7839;
Saint-Jean-de-Braye;47.9128;1.9719;
Coueron;47.2156;-1.7228;
Seynod;45.8889;6.0961;
Mandelieu-la-Napoule;43.5464;6.9381;
Le Creusot;46.8014;4.4411;
Annecy-le-Vieux;45.9192;6.1419;
Saint-Genis-Laval;45.696;4.793;
Fougeres;48.3525;-1.1986;minor
Auch;43.6465;0.5855;minor
Halluin;50.7836;3.1256;
Chaumont;48.1117;5.1389;minor
Gardanne;43.4553;5.476;
Gujan-Mestras;44.6364;-1.0667;
Les Pennes-Mirabeau;43.4106;5.3103;
Hazebrouck;50.725;2.5392;
Villeneuve-sur-Lot;44.4081;0.705;minor
Millau;44.0986;3.0783;minor
Dax;43.71;-1.05;minor
Ozoir-la-Ferriere;48.778;2.68;
Allauch;43.3369;5.4828;
Lisieux;49.15;0.23;minor
Denain;50.3286;3.395;
Challans;46.8467;-1.8781;
Sarreguemines;49.11;7.07;minor
Givors;45.5906;4.7689;
Cournon-d'Auvergne;45.7422;3.1972;
Beaune;47.025;4.8397;minor
Mitry-Mory;48.9839;2.6164;
Voiron;45.3642;5.5906;
Pertuis;43.695;5.5036;
Bourg-les-Valence;44.9475;4.8953;
Carquefou;47.2969;-1.4928;
Cugnaux;43.5378;1.3436;
Bruges;44.8828;-0.6125;
Mougins;43.6;6.9947;
Lannion;48.7325;-3.4553;minor
Albertville;45.6758;6.3925;minor
Hem;50.6553;3.1878;
Bouguenais;47.1775;-1.6214;
L'Isle-sur-la-Sorgue;43.9194;5.0514;
Villefontaine;45.6133;5.1486;
Le Puy-en-Velay;45.0433;3.885;minor
Concarneau;47.8753;-3.9189;
Cahors;44.4475;1.4406;minor
Saint-Die-des-Vosges;48.2842;6.9492;minor
La Chapelle-sur-Erdre;47.2989;-1.5528;
Plaisance-du-Touch;43.5656;1.2964;
Bressuire;46.84;-0.4886;minor
Cognac;45.6958;-0.3292;minor
Saint-Lo;49.1144;-1.0917;minor
Selestat;48.2594;7.4542;minor
Brie-Comte-Robert;48.6925;2.6111;
Riom;45.8936;3.1125;minor
Bruz;48.0247;-1.7458;
Sorgues;44.0083;4.8725;
Royan;45.6231;-1.0431;
Fecamp;49.7575;0.3792;
Vence;43.7225;7.1119;
La Crau;43.1497;6.0742;
Meylan;45.2086;5.7794;
Louviers;49.2153;1.1656;
Moissy-Cramayel;48.6261;2.5922;
Luneville;48.5894;6.5017;minor
Vitre;48.1233;-1.2094;
Avion;50.4097;2.8328;
Montceau-les-Mines;46.6669;4.3689;
Boissy-Saint-Leger;48.7503;2.5097;
Le Pontet;43.9642;4.86;
Osny;49.0592;2.0625;
Bagnols-sur-Ceze;44.1625;4.62;
Limay;48.9933;1.7358;
Cluses;46.0603;6.5786;
Firminy;45.3881;4.2872;
L'Isle-d'Abeau;45.6194;5.2331;
Carvin;50.4931;2.9581;
Yutz;49.3589;6.1886;
Ploemeur;47.7358;-3.4311;
Chateauneuf-les-Martigues;43.3831;5.1642;
Port-de-Bouc;43.405;4.9886;
Lattes;43.5678;3.9021;
Pontarlier;46.9061;6.3547;minor
Marmande;44.5;0.1653;minor
Cesson-Sevigne;48.1208;-1.6036;
Orsay;48.6981;2.1875;
Sanary-sur-Mer;43.1192;5.8022;
Verdun;49.1597;5.3828;minor
Verneuil-sur-Seine;48.9797;1.9739;
Saint-Cyr-sur-Loire;47.4028;0.6781;
Balma;43.6103;1.4986;
Brignoles;43.4058;6.0617;minor
Saint-Egreve;45.2317;5.6831;
Saint-Pierre-des-Corps;47.3908;0.7281;
Saint-Julien-en-Genevois;46.1442;6.0842;minor
Domont;49.0275;2.3267;
Saint-Maximin-la-Sainte-Baume;43.4533;5.8619;
Hayange;49.3297;6.0619;
Ambares-et-Lagrave;44.9247;-0.4867;
Cestas;44.7444;-0.6822;
Elbeuf;49.2858;1.0083;
Saran;47.9514;1.8803;
Sedan;49.7019;4.9403;minor
Landerneau;48.4508;-4.2494;
Villeneuve-Loubet;43.6581;7.1214;
Sallanches;45.9364;6.6319;
Mauguio;43.6164;4.0075;
Annonay;45.24;4.6708;
Escoublac;47.2858;-2.3922;
Tourlaville;49.6408;-1.5789;
Hennebont;47.8042;-3.2789;
Montbrison;45.6075;4.0653;minor
Sin-le-Noble;50.3631;3.1131;
Vendome;47.7928;1.0656;minor
Illzach;47.7822;7.3481;
Francheville;45.7364;4.7636;
Rumilly;45.8667;5.9444;
Mennecy;48.5653;2.4361;
Sainte-Luce-sur-Loire;47.2494;-1.4867;
Digne-les-Bains;44.0925;6.2356;minor
Vesoul;47.6222;6.1553;minor
Chateaurenard;43.8825;4.855;
Saint-Amand-les-Eaux;50.4481;3.4269;
Verrieres-le-Buisson;48.7475;2.2628;
Les Herbiers;46.8711;-1.0136;
Montivilliers;49.5461;0.1881;
Guerande;47.3281;-2.4292;
Chateau-Thierry;49.0464;3.4031;minor
Bois-Guillaume;49.47;1.1194;
Les Sables-d'Olonne;46.4972;-1.7833;minor
Trelaze;47.4461;-0.4664;
Toul;48.675;5.8917;minor
Coulommiers;48.8156;3.0836;
Saint-Avertin;47.3667;0.7267;
Chenove;47.2911;5.0072;
Beaucaire;43.8072;4.6433;
Issoire;45.5442;3.2489;minor
Dinan;48.4556;-2.0503;minor
Pornic;47.1156;-2.1033;
Tarascon;43.805;4.6594;
Villers-les-Nancy;48.6731;6.1547;
Pamiers;43.1164;1.6108;minor
Blanquefort;44.9106;-0.6375;
Castanet-Tolosan;43.5156;1.4981;
Saint-Avold;49.1042;6.7081;
Fos-sur-Mer;43.4544;4.9436;
Saint-Omer;50.7483;2.2608;minor
Fontainebleau;48.4089;2.7017;minor
Hautmont;50.2481;3.9244;
Crepy-en-Valois;49.2344;2.8875;
Pontivy;48.0686;-2.9628;minor
Gaillac;43.9006;1.8983;
Saint-Rambert;45.4994;4.24;
Fameck;49.2992;6.1097;
Caudry;50.125;3.4117;
Wittenheim;47.8075;7.3369;
Bouc-Bel-Air;43.4544;5.4144;
Bailleul;50.7375;2.7339;
Senlis;49.2072;2.5867;minor
Flers;48.7483;-0.5694;
Outreau;50.7039;1.5939;
Morlaix;48.5775;-3.8278;minor
Tulle;45.2658;1.7722;minor
Olonne-sur-Mer;46.5361;-1.7728;
Guipavas;48.4336;-4.4008;
Saint-Genis-Pouilly;46.2433;6.0214;
Avrille;47.5069;-0.5889;
Bar-le-Duc;48.7717;5.1672;minor
Laxou;48.6856;6.1522;
Kingersheim;47.7914;7.3381;
Meru;49.2358;2.135;
Andresy;48.9808;2.0583;
Romilly-sur-Seine;48.5158;3.7267;
Pont-a-Mousson;48.9044;6.0542;
Saint-Jacques-de-la-Lande;48.0903;-1.6956;
La Fleche;47.6997;-0.0761;minor
Thouars;46.975;-0.2153;
Roquebrune-sur-Argens;43.4433;6.6378;
Canteleu;49.4511;1.0361;
Saint-Brevin-les-Pins;47.2464;-2.1669;
Lieusaint;48.6322;2.5486;
Woippy;49.1511;6.1514;
Saint-Fargeau;48.5328;2.5447;
Saint-Jean-de-Luz;43.3903;-1.6597;
Rixheim;47.7486;7.4044;
Montataire;49.2556;2.4383;
Lons;43.315;-0.4108;
Mions;45.6631;4.9531;
Chateau-d'Olonne;46.5042;-1.7372;
Audincourt;47.4828;6.8397;
Plerin;48.5344;-2.7708;
Ostwald;48.5511;7.7136;
Bayeux;49.2786;-0.7039;minor
Amberieu-en-Bugey;45.9581;5.3578;
Roncq;50.7536;3.1203;
Berck-sur-Mer;50.4083;1.5928;
Sainte-Maxime;43.3089;6.6378;
Douarnenez;48.0922;-4.3303;
Ollioules;43.1394;5.8469;
Argentan;48.7444;-0.0203;minor
Riedisheim;47.7483;7.3669;
Tergnier;49.6558;3.2872;
Castelsarrasin;44.04;1.1069;minor
Valbonne;43.6414;7.0089;
Biscarrosse;44.3931;-1.1639;
Saint-Gilles;43.6778;4.4311;
Berre-l'Etang;43.4756;5.1681;
Noyon;49.5811;2.9989;
Gien;47.6981;2.625;
Plouzane;48.38;-4.6006;
Granville;48.8381;-1.5869;
Pierrelatte;44.3775;4.6961;
Bollene;44.2803;4.7489;
Chalette-sur-Loing;48.0117;2.7358;
Bully-les-Mines;50.4419;2.7244;
Genas;45.7314;5.0022;
Fontenay-le-Comte;46.4669;-0.8064;minor
Saint-Orens-de-Gameville;43.5514;1.5342;
Saint-Paul-les-Dax;43.7256;-1.0528;
Saint-Martin-de-Crau;43.6397;4.8125;
Plougastel-Daoulas;48.3725;-4.3706;
Comines;50.7611;3.0078;
Marly;50.3489;3.5442;
Lourdes;43.095;-0.0453;
Amilly;47.9731;2.7703;
Creutzwald;49.2053;6.6958;
Chateaudun;48.0708;1.3378;minor
Vernouillet – Eure-et-Loire;48.7208;1.3606;
L'Union;43.6564;1.4844;
Le Relecq-Kerhuon;48.4086;-4.3969;
Moissac;44.1047;1.0853;
Gex;46.3333;6.0578;minor
Aubergenville;48.9583;1.855;
Mayenne;48.3031;-0.6136;minor
Vitry-le-Francois;48.7247;4.5844;minor
Bischwiller;48.7664;7.8569;
Les Ponts-de-Ce;47.4244;-0.5253;
Harnes;50.445;2.9058;
Pont-Sainte-Maxence;49.3011;2.6036;
Nemours;48.2686;2.6936;
Carros;43.7725;7.1933;
Gueret;46.1706;1.8683;minor
Barentin;49.5444;0.9536;
Autun;46.9511;4.2986;minor
La Queue-en-Brie;48.7894;2.5767;
Aubenas;44.6197;4.3903;
Monteux;44.0356;4.9972;
Brignais;45.6739;4.7542;
Auriol;43.3694;5.6314;
Sarrebourg;48.7347;7.0539;minor
Yzeure;46.5658;3.3544;
Somain;50.3575;3.2803;
Seclin;50.5483;3.0294;
Arcachon;44.6586;-1.1689;minor
Yvetot;49.6169;0.7531;
Triel-sur-Seine;48.9808;2.0061;
Noeux-les-Mines;50.4797;2.6647;
Tarnos;43.5406;-1.4614;
Cusset;46.1344;3.4564;
Claye-Souilly;48.945;2.6867;
Graulhet;43.7608;1.9886;
La Chapelle-Saint-Luc;48.3119;4.0444;
Bonneville;46.0789;6.4008;minor
Plan-de-Cuques;43.3469;5.4631;
Amboise;47.4114;0.9825;
Bruay-sur-l'Escaut;50.3983;3.5394;
Maizieres-les-Metz;49.2122;6.1611;
Ifs;49.1383;-0.3531;
Provins;48.5589;3.2994;minor
Saint-Andre-de-Cubzac;44.9947;-0.4458;
Villeneuve-les-Avignon;43.9664;4.7958;
Le Chambon-Feugerolles;45.3961;4.325;
Florange;49.3214;6.1183;
Saint-Jean;43.6653;1.505;
L'Isle-Adam;49.1111;2.2228;
Andernos-les-Bains;44.7425;-1.0903;
Mericourt;50.4022;2.8658;
Raismes;50.3892;3.4858;
Canet-en-Roussillon;42.7056;3.0072;
Fonsorbes;43.5361;1.2311;
Oissel;49.3419;1.0914;
Vidauban;43.4272;6.4319;
Le Haillan;44.8717;-0.6769;
Rognac;43.4878;5.2322;
Pont-du-Chateau;45.7983;3.2483;
Lamballe;48.4686;-2.5178;
Betton;48.1825;-1.6439;
Saint-Germain-les-Arpajon;48.5953;2.2556;
Saint-Esteve;42.7133;2.8419;
Meze;43.4267;3.6053;
Mende;44.5183;3.5006;minor
Chauny;49.6156;3.2192;
Le Pont-de-Claix;45.1231;5.6981;
Quimperle;47.8728;-3.5497;
Bolbec;49.5722;0.4725;
La Motte-Servolex;45.5967;5.8775;
Chambray-les-Tours;47.3375;0.7139;
Obernai;48.4622;7.4819;
Sable-sur-Sarthe;47.84;-0.3342;
Castelnaudary;43.3181;1.9539;
Valentigney;47.4625;6.8322;
Sollies-Pont;43.19;6.0411;
Juvignac;43.6131;3.8097;
Vedene;43.9775;4.9031;
Gisors;49.2806;1.7764;
Chateaubriant;47.7169;-1.3761;minor
Cesson;48.5658;2.6011;
Saint-Ave;47.6867;-2.7344;
Aubiere;45.7508;3.1108;
Saint-Saulve;50.3697;3.5547;
Chateau-Gontier;47.8286;-0.7028;minor
Fourmies;50.0172;4.0533;
Saint-Gaudens;43.1081;0.7233;minor
Bellegarde-sur-Valserine;46.1075;5.8258;
Pace;48.1478;-1.7739;
Cuers;43.2375;6.0708;
Saint-Pierre-du-Perray;48.6131;2.4953;
Guebwiller;47.9075;7.2103;
Corbas;45.6681;4.9019;
Annappes;50.6269;3.1497;
Saint-Cyr-sur-Mer;43.1836;5.7086;
Cernay;47.8067;7.1758;
Auchel;50.5083;2.4736;
Sassenage;45.205;5.665;
Chevigny-Saint-Sauveur;47.3017;5.1356;
Saint-Martin-Boulogne;50.7258;1.6322;
Villepreux;48.83;2.0022;
Mainvilliers;48.4531;1.4619;
Vaux-le-Penil;48.5264;2.6822;
Castelginest;43.6936;1.4328;
Thiers;45.8564;3.5475;minor
Villefranche-de-Rouergue;44.3525;2.0342;minor
Villeneuve-Tolosane;43.5236;1.3417;
Pornichet;47.2658;-2.34;
Louvres;49.0439;2.5053;
Issoudun;46.9481;1.9933;minor
Longuenesse;50.7356;2.2372;
Guidel;47.7906;-3.4886;
Cogolin;43.2525;6.53;
Villebon-sur-Yvette;48.7;2.2278;
Onet Village;44.3656;2.5936;
Saint-Jean-de-Vedas;43.5764;3.8239;
Clermont;49.3789;2.4125;minor
Neuville-en-Ferrain;50.7467;3.1581;
Ploufragan;48.4894;-2.7958;
Sainte-Savine;48.2947;4.0489;
Septemes-les-Vallons;43.3983;5.3658;
Saverne;48.7414;7.3619;minor
Porto-Vecchio;41.5908;9.2797;
Oignies;50.4692;2.9936;
La Roche-sur-Foron;46.0669;6.3119;
Allonnes;47.9686;0.1606;
Courrieres;50.4581;2.9472;
Darnetal;49.4447;1.1511;
Etaples;50.5178;1.6406;
Briancon;44.8958;6.635;minor
Saint-Cyprien;42.6181;3.0064;
Vauvert;43.6933;4.2761;
Aniche;50.33;3.2511;
Chantilly;49.1869;2.4608;
Vernouillet;48.9722;1.9833;
Annoeullin;50.5294;2.9328;
Gravelines;50.9864;2.1275;
Lezignan-Corbieres;43.2006;2.7578;
La Riche;47.3892;0.6606;
Ezanville;49.0278;2.3608;
Pfastatt;47.7689;7.3017;
Maxeville;48.7114;6.1631;
Chassieu;45.7444;4.9664;
Riorges;46.0428;4.0406;
Wambrechies;50.6853;3.0486;
Bondoufle;48.6133;2.3806;
Saint-Hilaire-de-Riez;46.7211;-1.9456;
Villerupt;49.4697;5.9286;
Panazol;45.8389;1.31;
Dammartin-en-Goele;49.0542;2.6814;
Amneville;49.2608;6.1419;
Dinard;48.6325;-2.0617;
Saint-Junien;45.8872;0.9011;
Douchy-les-Mines;50.3014;3.3933;
Portes-les-Valence;44.8733;4.8764;
Vieux-Conde;50.4594;3.5683;
Grigny – Rhone;45.6083;4.7897;
Passy;45.9236;6.6864;
Jeumont;50.2944;4.1014;
Le Luc;43.3947;6.3128;
La Chapelle-Saint-Mesmin;47.8897;1.8397;
Tarare;45.8961;4.4331;
Chantepie;48.0886;-1.6164;
Montlouis-sur-Loire;47.3883;0.8272;
Le Pradet;43.1056;6.0233;
Thouare-sur-Loire;47.2689;-1.4383;
Cabestany;42.6806;2.9428;
Apt;43.8761;5.3964;minor
Beaumont-sur-Oise;49.1425;2.2864;
Vire;48.8386;-0.8892;minor
Quincy-sous-Senart;48.6711;2.5339;
Biganos;44.6442;-0.9783;
Serris;48.8564;2.7861;
Buxerolles;46.5975;0.3492;
Hericourt;47.5775;6.7617;
Leers;50.6817;3.2439;
Tournon-sur-Rhone;45.0672;4.8328;minor
Parthenay;46.6486;-0.2469;minor
Guilherand;44.9344;4.8747;
Pontchateau;47.4369;-2.0878;
Marly – Moselle;49.0611;6.1497;
Mondeville;49.1739;-0.3211;
Magny-le-Hongre;48.8631;2.8136;
Lavaur;43.6989;1.8189;
Pelissanne;43.6314;5.1506;
Gignac-la-Nerthe;43.3932;5.2356;
Marck;50.9481;1.9503;
Hagondange;49.2542;6.1681;
Saint-Laurent-de-la-Salanque;42.7736;2.9908;
Chambly;49.1667;2.2481;
Pont-Saint-Esprit;44.2564;4.6483;
Erstein;48.4219;7.6611;
Gerzat;45.8258;3.1447;
Feyzin;45.6728;4.8589;
Villers-Cotterets;49.2531;3.0903;
Le Cres;43.6472;3.9392;
Dourdan;48.5289;2.0108;
Mios;44.605;-0.9369;
Leognan;44.7286;-0.6008;
Saint-Gely-du-Fesc;43.6922;3.8061;
Le Taillan-Medoc;44.9044;-0.6697;
Fontaine-les-Dijon;47.3433;5.0192;
Wittelsheim;47.8053;7.2375;
Villeneuve-les-Maguelone;43.5322;3.8608;
La Trinite;43.7408;7.3142;
Oloron-Sainte-Marie;43.1942;-0.6067;minor
Mery-sur-Oise;49.0636;2.1864;
La Londe-les-Maures;43.1381;6.2344;
La Farlede;43.1678;6.0431;
Orthez;43.4881;-0.7708;
Bourg-de-Peage;45.0378;5.05;
Bondues;50.7017;3.0933;
Rombas;49.2494;6.0947;
Fondettes;47.4042;0.5989;
Escaudain;50.3344;3.3428;
Trets;43.4469;5.6858;
Mouans-Sartoux;43.62;6.9719;
Urrugne;43.3622;-1.7;
Pia;42.7447;2.9208;
La Ferte-sous-Jouarre;48.9492;3.1294;
Dombasle-sur-Meurthe;48.625;6.3497;
Argeles-sur-Mer;42.5461;3.0239;
Miribel;45.8244;4.9531;
Soyaux;45.6403;0.1978;
Albert;50.0019;2.6522;
Perols;43.565;3.9506;
Fuveau;43.4522;5.5617;
Carmaux;44.0492;2.1581;
Tomblaine;48.6856;6.2117;
Frouzins;43.5161;1.3247;
Saint-Gregoire;48.1511;-1.6861;
Roche-la-Moliere;45.4339;4.3236;
Pierrelaye;49.0225;2.1503;
Brumath;48.7319;7.7083;
Limoux;43.0569;2.2186;minor
Portet-sur-Garonne;43.5219;1.4061;
Quetigny;47.3144;5.1061;
Essey-les-Nancy;48.7058;6.2222;
Pernes-les-Fontaines;43.9978;5.0592;
Biot;43.6286;7.0956;
Bernay;49.0886;0.5983;minor
Launaguet;43.6739;1.4569;
Rouvroy;50.3936;2.9039;
Pithiviers;48.1719;2.2519;minor
Grand-Couronne;49.3575;1.0072;
Saint-Loubes;44.9172;-0.4281;
Ouistreham;49.2792;-0.2583;
Lillers;50.5636;2.4819;
Vetraz-Monthoux;46.1742;6.255;
Saint-Jean-le-Blanc;47.8919;1.9172;
Divonne-les-Bains;46.3567;6.1428;
Wingles;50.4942;2.8553;
Carqueiranne;43.095;6.0736;
Molsheim;48.5428;7.4922;minor
Auterive;43.3503;1.4747;
Cabries;43.4411;5.3797;
Le Passage;44.2014;0.6033;
Mazamet;43.4917;2.3733;
Fouesnant;47.8933;-4.0122;
Le Beausset;43.1983;5.8028;
Boucau;43.5236;-1.4867;
Conde-sur-l'Escaut;50.4492;3.5906;
Lescar;43.325;-0.4161;
Lesquin;50.5897;3.1111;
Arques;50.7356;2.3025;
Figeac;44.6086;2.0317;minor
Aire-sur-la-Lys;50.6386;2.3967;
Lambesc;43.6539;5.2619;
Saint-Pierre-du-Mont;43.8825;-0.5194;
Blain;47.4761;-1.7636;
Mont-Saint-Martin;49.5406;5.7794;
Nogent-le-Rotrou;48.3217;0.8217;minor
Saint-Doulchard;47.0997;2.3728;
Aytre;46.1342;-1.1144;
Aizenay;46.74;-1.6083;
Saint-Amand-Montrond;46.7228;2.505;minor
Merville;50.6439;2.6403;
Foix;42.9653;1.6069;minor
Magny-les-Hameaux;48.7239;2.0842;
Margny-les-Compiegne;49.4261;2.8208;
Saint-Lys;43.5142;1.1775;
Ploermel;47.9317;-2.3975;
Treillieres;47.3308;-1.6267;
Saint-Remy-de-Provence;43.7894;4.8317;
Ingre;47.9206;1.8242;
Cosne sur Loire;47.4103;2.925;minor
Revel;43.4586;2.0042;
Redon;47.6514;-2.0847;minor
Lucon;46.4547;-1.1658;
Beuvry;50.5197;2.6794;
Aulnoye-Aymeries;50.2047;3.8356;
Seysses;43.4981;1.3125;
Breuillet;48.5661;2.1714;
Artigues-pres-Bordeaux;44.8606;-0.4936;
Saint-Barthelemy-d'Anjou;47.4675;-0.495;
Veauche;45.5619;4.2781;
Couzeix;45.8761;1.2386;
Basse-Goulaine;47.2153;-1.4656;
La Ravoire;45.5569;5.9664;
Scionzier;46.0572;6.55;
Joigny;47.9822;3.3972;
Leguevin;43.5989;1.2331;
Ussel;45.5481;2.3092;minor
Irigny;45.6731;4.8225;
Saint-Sulpice-la-Pointe;43.7742;1.6864;
Golbey;48.1958;6.4372;
Loudeac;48.1778;-2.7533;
Cebazat;45.8314;3.1;
Elne;42.6003;2.9711;
Morieres-les-Avignon;43.9417;4.9047;
Landivisiau;48.5092;-4.0683;
Vallet;47.1617;-1.2669;
Voreppe;45.2978;5.6369;
Belley;45.7592;5.6881;minor
Valreas;44.3842;4.9903;
Paray-le-Monial;46.4511;4.1194;
La Grande-Motte;43.5606;4.085;
Parempuyre;44.9492;-0.605;
Orchies;50.4747;3.2442;
Gonfreville-l'Orcher;49.5053;0.2331;
Onnaing;50.3878;3.5981;
Perigny;46.1528;-1.0964;
La Chapelle d'Armentieres;50.6728;2.895;
La Ferte-Bernard;48.1867;0.6544;
Capbreton;43.6419;-1.4322;
Lillebonne;49.5208;0.5375;
Les Sorinieres;47.1483;-1.5294;
Livron-sur-Drome;44.7728;4.8431;
Le Muy;43.4725;6.5664;
Savenay;47.3611;-1.9419;
Gouvieux;49.1878;2.4161;
Le Rheu;48.1019;-1.7956;
Lamorlaye;49.155;2.4408;
Tonneins;44.3897;0.3083;
Sene;47.6197;-2.7372;
Chaponost;45.7103;4.7422;
Lempdes;45.7711;3.1936;
Dardilly;45.8056;4.7531;
Le Petit-Couronne;49.3856;1.0275;
La Fare-les-Oliviers;43.5517;5.1947;
Longvic;47.2878;5.0636;
Isbergues;50.6233;2.4567;
Grabels;43.6481;3.8017;
Vendin-le-Vieil;50.4739;2.8661;
Clermont-l'Herault;43.6272;3.4322;
Le Thor;43.9292;4.9944;
Nangis;48.555;3.0147;
Saint-Paul-Trois-Chateaux;44.3489;4.7686;
Saint-Claude;46.3872;5.8633;minor
Saint-Philbert-de-Grand-Lieu;47.035;-1.64;
Roquevaire;43.3494;5.6047;
Nort-sur-Erdre;47.4394;-1.4983;
Checy;47.8936;2.0269;
Notre-Dame-de-Gravenchon;49.4892;0.5711;
Thorigne-Fouillard;48.1597;-1.5797;
Bellerive-sur-Allier;46.1164;3.4042;
L'Isle-Jourdain;43.6136;1.0808;
Rivesaltes;42.7689;2.8739;
Lorgues;43.4933;6.3611;
Gretz-Armainvilliers;48.7411;2.7342;
Le Teil;44.5453;4.6822;
Tournan-en-Brie;48.7406;2.7681;
Queven;47.7886;-3.4153;
Entraigues-sur-la-Sorgue;44.0031;4.9267;
Grenade;43.7714;1.2931;
Lancon-Provence;43.5925;5.1281;
Borgo;42.5539;9.4275;
Monistrol-sur-Loire;45.2925;4.1722;
Hirson;49.9217;4.0839;
Saint-Jean-d'Illac;44.8097;-0.7836;
Thaon-les-Vosges;48.2505;6.4195;
Crest;44.7283;5.0222;
Sarlat-la-Caneda;44.89;1.2167;minor
Marguerittes;43.86;4.4439;
Domerat;46.3603;2.5344;
Saint-Vallier;46.6419;4.3711;
Velaux;43.5225;5.2539;
Sarzeau;47.5272;-2.7697;
Saint-Chamas;43.5503;5.0347;
Pibrac;43.6169;1.2847;
Vif;45.0553;5.67;
Guichen;47.9675;-1.795;
Coutras;45.0408;-0.1289;
Saint-Jean-de-Monts;46.7928;-2.0603;
Audenge;44.6836;-1.0133;
Chamonix-Mont-Blanc;45.9222;6.8689;
Le Poire-sur-Vie;46.7686;-1.5083;
Aigues-Mortes;43.5667;4.1925;
Plabennec;48.5019;-4.4261;
Mauleon;46.9228;-0.7497;
